Name,Url
Academic Amnesty Petition,https://sfsc.sharepoint.com/sites/pod/Forms/Academic%20Amnesty%20Petition.pdf
Academic Suspension Petition,https://sfsc.sharepoint.com/sites/pod/Forms/Academic%20Suspension%20Petition.docx
Accelerated Experiential Learning Request,https://sfsc.sharepoint.com/sites/pod/Forms/Accelerated%20Experiential%20Learning%20Request.pdf
Change of Student Information,https://sfsc.sharepoint.com/sites/pod/Forms/Change%20of%20Student%20Information.pdf
Community Education Registration,https://sfsc.sharepoint.com/sites/pod/Forms/Community%20Education%20Registration.pdf
Drivers Education Registration,https://sfsc.sharepoint.com/sites/pod/Forms/Drivers%20Education%20Registration.pdf
Duplicate Diploma or  Certificate Order Form,https://sfsc.sharepoint.com/sites/pod/Forms/Duplicate%20Diploma%20or%20%20Certificate%20Order%20Form.pdf
FERPA Release,https://sfsc.sharepoint.com/sites/pod/Forms/FERPA%20Release.pdf
Field Trip Release,https://sfsc.sharepoint.com/sites/pod/Forms/Field%20Trip%20Release.pdf
Home School Affidavit,https://sfsc.sharepoint.com/sites/pod/Forms/Home%20School%20Affidavit.pdf
Incoming Transcript Request,https://sfsc.sharepoint.com/sites/pod/Forms/Incoming%20Transcript%20Request.pdf
Independent Study,https://sfsc.sharepoint.com/sites/pod/Forms/Independent%20Study.pdf
Petition to Academic Appeals Committee,https://sfsc.sharepoint.com/sites/pod/Forms/Petition%20to%20Academic%20Appeals%20Committee.docx
Program Code Change Request,https://sfsc.sharepoint.com/sites/pod/Forms/Program%20Code%20Change%20Request.doc
Residency Reclassification Appeal,https://sfsc.sharepoint.com/sites/pod/Forms/Residency%20Reclassification%20Appeal.pdf
SFSC Exempt Second Third and Fourth Attempt,https://sfsc.sharepoint.com/sites/pod/Forms/SFSC%20Exempt%20Second%20Third%20and%20Fourth%20Attempt.pdf
Social Media Account Request,https://sfsc.sharepoint.com/sites/pod/Forms/Social%20Media%20Account%20Request.pdf
Supplemental Registration,https://sfsc.sharepoint.com/sites/pod/Forms/Supplemental%20Registration.pdf
Tech Prep Credit,https://sfsc.sharepoint.com/sites/pod/Forms/Supplemental%20Registration.pdf
Transcript Affidavit,https://sfsc.sharepoint.com/sites/pod/Forms/Transcript%20Affidavit.pdf
Transient Student,https://sfsc.sharepoint.com/sites/pod/Forms/Transient%20Student.pdf
